            <OfferPackage Name="offer17901925_2208232039" PurgeAndReplace="false" PackageType="Full" xmlns="clr-namespace:Cdiscount.Service.OfferIntegration.Pivot;assembly=Cdiscount.Service.OfferIntegration" xmlns:x="http://schemas.microsoft.com/winfx/2006/xaml">
                <OfferPackage.Offers>
                    <OfferCollection Capacity="1">
                        <Offer SellerProductId="JAR-GN-QC07873-gmjou" ProductEan="7057185883204" ProductCondition="1" Price="178.84" Stock="0" EcoPart="0.00" DeaTax="0.00" Vat="20" PreparationTime="3">
<Offer.ShippingInformationList><ShippingInformationList Capacity="2"><ShippingInformation AdditionalShippingCharges="18.99" DeliveryMode="Tracked" ShippingCharges="19.99" />
<ShippingInformation AdditionalShippingCharges="27.98" DeliveryMode="Registered" ShippingCharges="32.98" />
</ShippingInformationList></Offer.ShippingInformationList><Offer.PriceAndDiscountList>
<DiscountComponentList Capacity="1">
<DiscountComponent Type="1" StartDate="2022-08-23T12:39:29" EndDate="2022-08-26T12:39:29" DiscountValue="7" DiscountUnit="1" />
</DiscountComponentList>
</Offer.PriceAndDiscountList>
</Offer>

                    </OfferCollection>
                </OfferPackage.Offers>
                <OfferPackage.OfferPublicationList>
                    <OfferPublicationList Capacity="1">
                        <PublicationPool Id="1" />
                    </OfferPublicationList>
                </OfferPackage.OfferPublicationList>
            </OfferPackage>