            <OfferPackage Name="offer17901288_2208231421" PurgeAndReplace="false" PackageType="Full" xmlns="clr-namespace:Cdiscount.Service.OfferIntegration.Pivot;assembly=Cdiscount.Service.OfferIntegration" xmlns:x="http://schemas.microsoft.com/winfx/2006/xaml">
                <OfferPackage.Offers>
                    <OfferCollection Capacity="1">
                        <Offer SellerProductId="JARGMviep-HW-3114200078013" ProductEan="9588117291609" ProductCondition="1" Price="198.52" Stock="0" EcoPart="0.00" DeaTax="0.00" Vat="20" PreparationTime="3">
<Offer.ShippingInformationList><ShippingInformationList Capacity="2"><ShippingInformation AdditionalShippingCharges="48.69" DeliveryMode="Tracked" ShippingCharges="49.69" />
<ShippingInformation AdditionalShippingCharges="57.68" DeliveryMode="Registered" ShippingCharges="62.68" />
</ShippingInformationList></Offer.ShippingInformationList></Offer>

                    </OfferCollection>
                </OfferPackage.Offers>
                <OfferPackage.OfferPublicationList>
                    <OfferPublicationList Capacity="1">
                        <PublicationPool Id="1" />
                    </OfferPublicationList>
                </OfferPackage.OfferPublicationList>
            </OfferPackage>