            <OfferPackage Name="offer17901242_2208240123" PurgeAndReplace="false" PackageType="Full" xmlns="clr-namespace:Cdiscount.Service.OfferIntegration.Pivot;assembly=Cdiscount.Service.OfferIntegration" xmlns:x="http://schemas.microsoft.com/winfx/2006/xaml">
                <OfferPackage.Offers>
                    <OfferCollection Capacity="1">
                        <Offer SellerProductId="JAR-GN-DE-JY20796-01-gmjou" ProductEan="7062292965217" ProductCondition="6" Price="151.26" Stock="2" EcoPart="0.00" DeaTax="0.00" Vat="20" PreparationTime="3">
<Offer.ShippingInformationList><ShippingInformationList Capacity="2"><ShippingInformation AdditionalShippingCharges="16.99" DeliveryMode="Tracked" ShippingCharges="17.99" />
<ShippingInformation AdditionalShippingCharges="25.98" DeliveryMode="Registered" ShippingCharges="30.98" />
</ShippingInformationList></Offer.ShippingInformationList></Offer>

                    </OfferCollection>
                </OfferPackage.Offers>
                <OfferPackage.OfferPublicationList>
                    <OfferPublicationList Capacity="1">
                        <PublicationPool Id="1" />
                    </OfferPublicationList>
                </OfferPackage.OfferPublicationList>
            </OfferPackage>