            <OfferPackage Name="offer17901821_2208231658" PurgeAndReplace="false" PackageType="StockAndPrice" xmlns="clr-namespace:Cdiscount.Service.OfferIntegration.Pivot;assembly=Cdiscount.Service.OfferIntegration" xmlns:x="http://schemas.microsoft.com/winfx/2006/xaml">
                <OfferPackage.Offers>
                    <OfferCollection Capacity="1">
                        <Offer SellerProductId="JARp5-HW-GB-JYJJ100908-GMpro" ProductEan="2007956815090" Stock="101" />

                    </OfferCollection>
                </OfferPackage.Offers>
                <OfferPackage.OfferPublicationList>
                    <OfferPublicationList Capacity="1">
                        <PublicationPool Id="1" />
                    </OfferPublicationList>
                </OfferPackage.OfferPublicationList>
            </OfferPackage>