            <OfferPackage Name="offer17901195_2208231812" PurgeAndReplace="false" PackageType="Full" xmlns="clr-namespace:Cdiscount.Service.OfferIntegration.Pivot;assembly=Cdiscount.Service.OfferIntegration" xmlns:x="http://schemas.microsoft.com/winfx/2006/xaml">
                <OfferPackage.Offers>
                    <OfferCollection Capacity="1">
                        <Offer SellerProductId="JAR2-HW-FR-GS01300-gmKEL" ProductEan="9145831646001" ProductCondition="1" Price="483.78" Stock="3" EcoPart="0.00" DeaTax="0.00" Vat="20" PreparationTime="3">
<Offer.ShippingInformationList><ShippingInformationList Capacity="2"><ShippingInformation AdditionalShippingCharges="119.79" DeliveryMode="Tracked" ShippingCharges="120.79" />
<ShippingInformation AdditionalShippingCharges="128.78" DeliveryMode="Registered" ShippingCharges="133.78" />
</ShippingInformationList></Offer.ShippingInformationList></Offer>

                    </OfferCollection>
                </OfferPackage.Offers>
                <OfferPackage.OfferPublicationList>
                    <OfferPublicationList Capacity="1">
                        <PublicationPool Id="1" />
                    </OfferPublicationList>
                </OfferPackage.OfferPublicationList>
            </OfferPackage>