            <OfferPackage Name="offer17901868_2208231644" PurgeAndReplace="false" PackageType="Full" xmlns="clr-namespace:Cdiscount.Service.OfferIntegration.Pivot;assembly=Cdiscount.Service.OfferIntegration" xmlns:x="http://schemas.microsoft.com/winfx/2006/xaml">
                <OfferPackage.Offers>
                    <OfferCollection Capacity="1">
                        <Offer SellerProductId="JARp5-HW-GB-JYJJ100908-GMpro" ProductEan="2007956815090" ProductCondition="1" Price="240.20" Stock="100" EcoPart="0.00" DeaTax="0.00" Vat="20" PreparationTime="3">
<Offer.ShippingInformationList><ShippingInformationList Capacity="2"><ShippingInformation AdditionalShippingCharges="59.19" DeliveryMode="Tracked" ShippingCharges="60.19" />
<ShippingInformation AdditionalShippingCharges="68.18" DeliveryMode="Registered" ShippingCharges="73.18" />
</ShippingInformationList></Offer.ShippingInformationList></Offer>

                    </OfferCollection>
                </OfferPackage.Offers>
                <OfferPackage.OfferPublicationList>
                    <OfferPublicationList Capacity="1">
                        <PublicationPool Id="1" />
                    </OfferPublicationList>
                </OfferPackage.OfferPublicationList>
            </OfferPackage>