            <OfferPackage Name="offer17901527_2208232142" PurgeAndReplace="false" PackageType="Full" xmlns="clr-namespace:Cdiscount.Service.OfferIntegration.Pivot;assembly=Cdiscount.Service.OfferIntegration" xmlns:x="http://schemas.microsoft.com/winfx/2006/xaml">
                <OfferPackage.Offers>
                    <OfferCollection Capacity="1">
                        <Offer SellerProductId="JARc6-HW-GB-QC07830-GMxna" ProductEan="9424142403917" ProductCondition="6" Price="416.08" Stock="6" EcoPart="0.00" DeaTax="0.00" Vat="20" PreparationTime="3">
<Offer.ShippingInformationList><ShippingInformationList Capacity="2"><ShippingInformation AdditionalShippingCharges="103.09" DeliveryMode="Tracked" ShippingCharges="104.09" />
<ShippingInformation AdditionalShippingCharges="112.08" DeliveryMode="Registered" ShippingCharges="117.08" />
</ShippingInformationList></Offer.ShippingInformationList></Offer>

                    </OfferCollection>
                </OfferPackage.Offers>
                <OfferPackage.OfferPublicationList>
                    <OfferPublicationList Capacity="1">
                        <PublicationPool Id="1" />
                    </OfferPublicationList>
                </OfferPackage.OfferPublicationList>
            </OfferPackage>